year,region,chrstprot,chrstcat,chrstorth,chrstang,chrstothr,total christians,judorth,jdcons,judref,judothr,total jews,islmsun,islmshi,islmibd,islmnat,islmalw,islmahm,islmothr,total muslims,budmah,budthr,budothr,total buddhists,total zoroastrains/parsis,total hindus,total sikhs,total shinto,total baha'i,total taoists,total jains,total confucists,total syncretics,total animists,non religious,other religions,sum of religious adherents,population in independent states,worldpop,version
1945.00,Africa,2074180.00,672337.00,7251492.00,419457.00,4170594.00,14588060.00,0.00,0.00,0.00,80487.00,80487.00,0.00,0.00,0.00,0.00,0.00,0.00,5051475.00,5051475.00,0.00,0.00,53.00,53.00,0.00,137290.00,1536.00,0.00,2021.00,0.00,0.00,0.00,831.00,9162018.00,7396.00,41833.00,29065604.00,29073000.00,1617000000.00,1.10
1945.00,Asia,2407144.00,2222908.00,181928.00,3142204.00,1964907.00,9919091.00,0.00,0.00,0.00,30369.00,30369.00,7451998.00,940000.00,0.00,0.00,0.00,0.00,27868347.00,36260345.00,0.00,0.00,113681431.00,113681431.00,2710.00,5230216.00,12525.00,55228775.00,7243.00,120950.00,0.00,0.00,423153390.00,22525760.00,30637661.00,152491.00,666325296.00,663450000.00,1617000000.00,1.10
1945.00,Europe,83145512.00,216041422.00,86503645.00,29855595.00,5361826.00,420908000.00,0.00,0.00,0.00,6068020.00,6068020.00,0.00,0.00,0.00,0.00,0.00,0.00,29353397.00,29353397.00,0.00,0.00,725632.00,725632.00,0.00,21691.00,1748.00,0.00,6231.00,0.00,181.00,0.00,5896.00,1294177.00,99829250.00,2535777.00,460920750.00,560750000.00,1617000000.00,1.10
1945.00,Mideast,87174.00,635929.00,3180260.00,0.00,108332.00,4011695.00,0.00,0.00,0.00,623240.00,623240.00,41598322.00,18496742.00,0.00,0.00,0.00,0.00,0.00,60095064.00,0.00,0.00,0.00,0.00,10000.00,0.00,0.00,0.00,0.00,0.00,0.00,0.00,0.00,0.00,561.00,478440.00,65218439.00,65219000.00,1617000000.00,1.10
1945.00,West. Hem,73173575.00,171759439.00,1383846.00,3537777.00,2068807.00,251923444.00,856827.00,1426350.00,1929388.00,994719.00,5207284.00,0.00,0.00,0.00,0.00,0.00,0.00,0.00,0.00,0.00,0.00,1830820.00,1830820.00,0.00,0.00,5000.00,0.00,0.00,0.00,0.00,0.00,5500000.00,228125.00,23011662.00,6648385.00,271343058.00,289375655.00,1617000000.00,1.10
1950.00,Africa,3302860.00,736193.00,7260770.00,609769.00,4884121.00,16793713.00,0.00,0.00,0.00,97006.00,97006.00,0.00,0.00,0.00,0.00,0.00,0.00,5508523.00,5508523.00,0.00,0.00,194.00,194.00,0.00,195524.00,1943.00,0.00,3004.00,0.00,0.00,0.00,973.00,11084152.00,19918.00,2050.00,33687082.00,33707000.00,2231000000.00,1.10
1950.00,Asia,9360004.00,25948053.00,1051829.00,3612715.00,5190796.00,45163397.00,0.00,0.00,0.00,54754.00,54754.00,7987175.00,923000.00,0.00,0.00,0.00,0.00,180211586.00,189121761.00,0.00,14031137.00,144032385.00,158063522.00,114462.00,301106975.00,5910591.00,65452839.00,453734.00,921828.00,1816754.00,2646410.00,425681485.00,76081638.00,69193934.00,499371.00,1273089521.00,1300208016.00,2231000000.00,1.10
1950.00,Europe,40293475.00,182146023.00,91004796.00,29739026.00,4534844.00,347718164.00,0.00,0.00,0.00,5336066.00,5336066.00,0.00,0.00,0.00,0.00,0.00,0.00,30109208.00,30109208.00,0.00,0.00,759624.00,759624.00,0.00,44995.00,10022.00,0.00,8041.00,0.00,500.00,0.00,9763.00,1238087.00,100773236.00,512294.00,385746764.00,486520000.00,2231000000.00,1.10
1950.00,Mideast,27091.00,946089.00,4047536.00,0.00,93138.00,5113854.00,1090162.00,6607.00,4404.00,529038.00,1630211.00,48934129.00,20021082.00,0.00,0.00,387994.00,0.00,17600.00,69360805.00,0.00,0.00,0.00,0.00,5000.00,0.00,0.00,0.00,172960.00,0.00,0.00,0.00,0.00,0.00,0.00,1400170.00,77683000.00,77683000.00,2231000000.00,1.10
1950.00,West. Hem,80317613.00,192159498.00,3245980.00,4346034.00,1621869.00,281690994.00,1114069.00,1853690.00,2524237.00,1088261.00,6580257.00,0.00,0.00,0.00,0.00,0.00,0.00,20770.00,20770.00,0.00,0.00,188562.00,188562.00,0.00,2006.00,10001.00,0.00,1000.00,0.00,0.00,0.00,6249873.00,450003.00,22938228.00,9732066.00,304925532.00,322455008.00,2231000000.00,1.10
1955.00,Africa,4014921.00,802667.00,7272036.00,753661.00,6094033.00,18937318.00,0.00,0.00,0.00,117741.00,117741.00,0.00,0.00,0.00,0.00,0.00,0.00,6002686.00,6002686.00,0.00,0.00,707.00,707.00,0.00,278538.00,2457.00,0.00,7593.00,0.00,0.00,0.00,1139.00,9419390.00,53634.00,103797.00,34871366.00,34925000.00,2536000000.00,1.10
1955.00,Asia,12638476.00,34806115.00,1254956.00,3824355.00,6443511.00,58967413.00,0.00,0.00,0.00,81070.00,81070.00,8658503.00,1000000.00,0.00,0.00,0.00,0.00,201064244.00,210722747.00,0.00,33522360.00,144441261.00,177963621.00,126582.00,328331380.00,6342714.00,68145114.00,738141.00,1182738.00,1619287.00,2785120.00,378770746.00,82851650.00,161895190.00,1402045.00,1320030368.00,1436233000.00,2536000000.00,1.10
1955.00,Europe,85570895.00,223576835.00,96120344.00,29306649.00,6597713.00,441172436.00,0.00,0.00,0.00,5178671.00,5178671.00,0.00,0.00,0.00,0.00,0.00,0.00,33390170.00,33390170.00,0.00,0.00,806776.00,806776.00,0.00,93684.00,57446.00,0.00,15068.00,0.00,1375.00,0.00,26391.00,1189903.00,118537427.00,3246653.00,485178573.00,603716000.00,2536000000.00,1.10
1955.00,Mideast,32782.00,1740329.00,3202941.00,0.00,678049.00,5654101.00,1509000.00,9001.00,6001.00,442397.00,1966399.00,70224037.00,23256503.00,0.00,0.00,445582.00,0.00,27552.00,93953674.00,0.00,0.00,0.00,0.00,14180.00,0.00,0.00,0.00,0.00,0.00,0.00,0.00,5588.00,0.00,270.00,1135788.00,102729730.00,102730000.00,2536000000.00,1.10
1955.00,West. Hem,87090264.00,213452184.00,3811061.00,4292907.00,2624418.00,311270834.00,987432.00,1644006.00,2219240.00,791645.00,5642323.00,0.00,0.00,0.00,0.00,0.00,0.00,2730.00,2730.00,0.00,0.00,613095.00,613095.00,0.00,1003.00,5000.00,0.00,500.00,0.00,0.00,171199.00,6898286.00,250001.00,23641928.00,15490767.00,340345738.00,358220000.00,2536000000.00,1.10
1960.00,Africa,13038381.00,14074508.00,8239314.00,3033366.00,23172234.00,61557803.00,0.00,0.00,0.00,138994.00,138994.00,4990792.00,0.00,0.00,0.00,0.00,0.00,37917444.00,42908236.00,0.00,0.00,3416.00,3416.00,0.00,363925.00,2971.00,0.00,157462.00,0.00,0.00,0.00,4646.00,42355767.00,265053.00,1047727.00,148540947.00,148806000.00,2921000000.00,1.10
1960.00,Asia,17884779.00,41601765.00,1518027.00,4071747.00,9108298.00,74184616.00,0.00,0.00,0.00,80005.00,80005.00,9537389.00,1000000.00,0.00,0.00,0.00,0.00,229633620.00,240171009.00,0.00,16766250.00,179897730.00,196663980.00,170443.00,360471285.00,7980296.00,71357167.00,899468.00,1357348.00,2029510.00,3251560.00,317448262.00,89171314.00,278617080.00,2879327.00,1368115590.00,1594029976.00,2921000000.00,1.10
1960.00,Europe,86615387.00,232373678.00,102354051.00,29372814.00,7610228.00,458326158.00,0.00,0.00,0.00,5068023.00,5068023.00,0.00,0.00,0.00,0.00,0.00,0.00,35477503.00,35477503.00,0.00,0.00,853421.00,853421.00,0.00,142373.00,104871.00,0.00,21419.00,0.00,2250.00,0.00,37975.00,1141720.00,133709658.00,4580629.00,505756342.00,639466000.00,2921000000.00,1.10
1960.00,Mideast,23416.00,1627382.00,2292182.00,0.00,1530960.00,5473940.00,1794474.00,10875.00,7250.00,322686.00,2135285.00,89797203.00,26174803.00,0.00,0.00,521848.00,0.00,20950.00,116514804.00,0.00,0.00,0.00,0.00,0.00,0.00,0.00,0.00,200000.00,0.00,0.00,0.00,0.00,2800000.00,277.00,1762694.00,128886723.00,128887000.00,2921000000.00,1.10
1960.00,West. Hem,102731807.00,252280539.00,3864535.00,5368773.00,3179424.00,367425078.00,1024373.00,1706028.00,2293155.00,1282993.00,6306549.00,0.00,0.00,0.00,0.00,0.00,0.00,51536.00,51536.00,0.00,0.00,2918342.00,2918342.00,0.00,191584.00,0.00,0.00,0.00,0.00,0.00,342398.00,7525200.00,300000.00,22037603.00,8634058.00,393694745.00,409598148.00,2921000000.00,1.10
1965.00,Africa,20608952.00,28626956.00,9117352.00,5727195.00,34020771.00,98101226.00,0.00,0.00,0.00,147929.00,147929.00,6027156.00,0.00,0.00,0.00,0.00,0.00,50640232.00,56667388.00,0.00,0.00,4572.00,4572.00,324.00,548874.00,25853.00,0.00,557883.00,0.00,28913.00,0.00,14203.00,61942649.00,354423.00,1570763.00,219610577.00,219965000.00,3280000000.00,1.10
1965.00,Asia,21008991.00,48324442.00,1857898.00,4513000.00,9780318.00,85484649.00,0.00,0.00,0.00,79304.00,79304.00,10805320.00,1020000.00,0.00,0.00,0.00,0.00,263388381.00,275213701.00,0.00,18305680.00,191365422.00,209671102.00,138682.00,396909711.00,8717537.00,74982591.00,1046723.00,1702647.00,2309710.00,4065157.00,350788060.00,94583167.00,305127190.00,18999278.00,1524692019.00,1772609960.00,3280000000.00,1.10
1965.00,Europe,87270229.00,243240445.00,107031360.00,29346138.00,9288584.00,476176756.00,0.00,0.00,0.00,4983768.00,4983768.00,0.00,0.00,0.00,0.00,0.00,0.00,36814738.00,36814738.00,0.00,0.00,900068.00,900068.00,0.00,191110.00,152295.00,0.00,28308.00,0.00,3125.00,0.00,49559.00,1093535.00,147965351.00,7956387.00,528349649.00,676315000.00,3280000000.00,1.10
1965.00,Mideast,31888.00,2864431.00,2592130.00,38500.00,527560.00,6054509.00,2247102.00,13618.00,9079.00,355314.00,2625113.00,112360336.00,16077714.00,40000.00,0.00,598115.00,0.00,16772097.00,145848262.00,0.00,0.00,0.00,0.00,9938.00,0.00,0.00,0.00,17627.00,0.00,0.00,0.00,0.00,2995006.00,47680.00,2156865.00,159707320.00,159755000.00,3280000000.00,1.10
1965.00,West. Hem,105517643.00,291058747.00,5355754.00,5461806.00,1502696.00,408896646.00,1048530.00,1746727.00,2338997.00,1283311.00,6417565.00,0.00,0.00,0.00,0.00,0.00,0.00,89968.00,89968.00,0.00,0.00,2017642.00,2017642.00,0.00,213487.00,0.00,0.00,8350.00,2000.00,0.00,376219.00,7993000.00,279349.00,20603206.00,10476376.00,436770602.00,450956507.00,3280000000.00,1.10
1970.00,Africa,25615793.00,38089508.00,9726348.00,7268620.00,41386699.00,122086968.00,0.00,0.00,0.00,151537.00,151537.00,7474780.00,0.00,0.00,0.00,0.00,0.00,59343505.00,66818285.00,0.00,0.00,11299.00,11299.00,472.00,991566.00,26094.00,0.00,701507.00,0.00,32861.00,0.00,17679.00,63335604.00,446303.00,916825.00,255090697.00,255537000.00,3655000000.00,1.10
1970.00,Asia,23692514.00,54128278.00,2196653.00,4894990.00,17824360.00,102736795.00,0.00,0.00,0.00,78269.00,78269.00,11703860.00,1268900.00,0.00,0.00,0.00,0.00,305478789.00,318451549.00,0.00,20862636.00,205627244.00,226489880.00,106789.00,448086953.00,10441204.00,79155350.00,1177687.00,1965466.00,2590921.00,4878755.00,370782297.00,98686228.00,398889032.00,11119903.00,1676748046.00,2013375984.00,3655000000.00,1.10
1970.00,Europe,87380610.00,248209651.00,112215607.00,29225607.00,11248267.00,488279742.00,0.00,0.00,0.00,4883835.00,4883835.00,0.00,0.00,0.00,0.00,0.00,0.00,38264883.00,38264883.00,0.00,0.00,955963.00,955963.00,410.00,242896.00,199719.00,0.00,49039.00,0.00,4000.00,1004.00,62146.00,1047415.00,162011668.00,7126528.00,541117580.00,703129248.00,3655000000.00,1.10
1970.00,Mideast,36181.00,2696173.00,4103446.00,87580.00,1340824.00,8264204.00,2517669.00,15258.00,10172.00,41135.00,2584234.00,132085364.00,35303241.00,374000.00,0.00,700450.00,0.00,27000.00,168490055.00,0.00,0.00,0.00,0.00,0.00,7470.00,0.00,0.00,96033.00,0.00,0.00,0.00,0.00,3326100.00,153410.00,1554494.00,184322590.00,184476000.00,3655000000.00,1.10
1970.00,West. Hem,111207132.00,327882930.00,6353581.00,4603045.00,5191279.00,455237967.00,1146052.00,1908728.00,2564626.00,1516128.00,7135534.00,0.00,0.00,0.00,0.00,0.00,0.00,317516.00,317516.00,0.00,0.00,1345492.00,1345492.00,0.00,495604.00,19615.00,1000.00,270712.00,15800.00,980.00,407172.00,8294607.00,613877.00,27337768.00,5541211.00,479697087.00,498934000.00,3655000000.00,1.10
1975.00,Africa,31997004.00,52803680.00,12815275.00,8543658.00,49058004.00,155217621.00,0.00,0.00,0.00,178015.00,178015.00,8749390.00,0.00,0.00,0.00,0.00,0.00,71486936.00,80236326.00,0.00,0.00,19123.00,19123.00,419.00,1112884.00,28132.00,0.00,854583.00,0.00,37726.00,3230.00,22758.00,64493395.00,930997.00,1808791.00,304013003.00,304944000.00,4023000000.00,1.10
1975.00,Asia,33137903.00,62221703.00,2181466.00,5038932.00,33485408.00,136065411.00,0.00,0.00,0.00,158067.00,158067.00,79435094.00,1557800.00,0.00,0.00,0.00,0.00,267723211.00,348716105.00,0.00,22929200.00,235072380.00,258001580.00,163963.00,486416662.00,12236052.00,85416048.00,1410128.00,2845907.00,2898371.00,5167140.00,363792820.00,99482806.00,476180772.00,6244193.00,1809015253.00,2217498000.00,4023000000.00,1.10
1975.00,Europe,86306803.00,254101668.00,111135093.00,28854249.00,12430347.00,492828160.00,0.00,0.00,0.00,4711084.00,4711084.00,0.00,0.00,0.00,0.00,0.00,0.00,39403622.00,39403622.00,0.00,0.00,1008216.00,1008216.00,448.00,347975.00,204859.00,0.00,53174.00,0.00,5883.00,2753.00,62559.00,759215.00,177802241.00,11223811.00,550611759.00,728414000.00,4023000000.00,1.10
1975.00,Mideast,79351.00,2331935.00,3940450.00,144271.00,1208607.00,7704614.00,2663460.00,177564.00,118376.00,151850.00,3111250.00,150768820.00,42815413.00,420500.00,0.00,924465.00,700.00,40000.00,194969898.00,0.00,0.00,2083.00,2083.00,14254.00,0.00,0.00,0.00,3227.00,0.00,0.00,0.00,0.00,3348710.00,71656.00,1661308.00,210815344.00,210887000.00,4023000000.00,1.10
1975.00,West. Hem,113336668.00,376866912.00,7120000.00,5572228.00,5404995.00,508300803.00,1246639.00,2076093.00,2792554.00,1640846.00,7756132.00,0.00,0.00,0.00,0.00,0.00,2000.00,346397.00,348397.00,0.00,0.00,1293282.00,1293282.00,0.00,744286.00,8827.00,500.00,285941.00,49389.00,400.00,1800.00,8466016.00,531153.00,35446166.00,5862582.00,533649508.00,560925800.00,4023000000.00,1.10
1980.00,Africa,38564080.00,63116530.00,15909839.00,11091270.00,58423306.00,187105025.00,0.00,0.00,0.00,203504.00,203504.00,10695000.00,0.00,0.00,0.00,0.00,1414940.00,84215261.00,96325201.00,0.00,0.00,24583.00,24583.00,494.00,1245049.00,30173.00,0.00,1007119.00,0.00,42620.00,6460.00,25760.00,65021806.00,1416658.00,3275548.00,354313342.00,355730000.00,4413000000.00,1.10
1980.00,Asia,32223395.00,70791416.00,2068207.00,5198237.00,44443249.00,154724504.00,0.00,0.00,0.00,96410.00,96410.00,91324970.00,2346390.00,0.00,0.00,0.00,144000.00,189711767.00,283527127.00,0.00,30400850.00,265217256.00,295618106.00,160982.00,534285058.00,14023819.00,89429228.00,1622880.00,3748065.00,3206898.00,5455525.00,388806341.00,95188371.00,507413215.00,10074959.00,1879968273.00,2313547024.00,4413000000.00,1.10
1980.00,Europe,84545280.00,259260904.00,110595090.00,27691350.00,14947256.00,497039880.00,0.00,0.00,0.00,4527066.00,4527066.00,0.00,0.00,0.00,0.00,0.00,14540.00,40597297.00,40611837.00,0.00,0.00,1064453.00,1064453.00,485.00,452955.00,210000.00,0.00,69093.00,0.00,7765.00,4502.00,62972.00,471016.00,192888938.00,12668376.00,557190400.00,750079338.00,4413000000.00,1.10
1980.00,Mideast,181143.00,2429312.00,4084171.00,193984.00,3913986.00,10802596.00,2954430.00,196962.00,131308.00,125703.00,3408403.00,173218873.00,48209839.00,668250.00,0.00,1148480.00,1750.00,206830.00,223454022.00,0.00,0.00,9566.00,9566.00,30500.00,31300.00,3800.00,0.00,355901.00,0.00,0.00,0.00,3000.00,3371320.00,235999.00,2292593.00,243763001.00,243999000.00,4413000000.00,1.10
1980.00,West. Hem,123448293.00,403236567.00,5245120.00,6918519.00,3558105.00,542406604.00,1346562.00,2242154.00,3022479.00,1760417.00,8371612.00,2565521.00,271683.00,0.00,0.00,0.00,9255.00,374831.00,3221290.00,0.00,0.00,1685408.00,1685408.00,0.00,1580032.00,9064.00,0.00,150056.00,127687.00,800.00,3600.00,9519133.00,1576665.00,35846456.00,6719573.00,575371524.00,602026000.00,4413000000.00,1.10
1985.00,Africa,51004398.00,73386870.00,19054140.00,17519220.00,67694251.00,228658879.00,0.00,0.00,0.00,164828.00,164828.00,14060500.00,0.00,0.00,0.00,0.00,0.00,111832184.00,125892684.00,0.00,0.00,72574.00,72574.00,607.00,1463736.00,37537.00,0.00,1074228.00,0.00,49895.00,9691.00,43652.00,69685451.00,2149016.00,3141222.00,430294984.00,432444000.00,4834000000.00,1.10
1985.00,Asia,40205810.00,79653394.00,2656902.00,5229835.00,47278573.00,175024514.00,0.00,0.00,0.00,100490.00,100490.00,101175272.00,2038550.00,0.00,0.00,0.00,0.00,210059512.00,313273334.00,0.00,36232325.00,298230177.00,334462502.00,262761.00,598009426.00,14651868.00,92520741.00,1978767.00,4625986.00,3508357.00,1153085.00,425483823.00,90948268.00,542261654.00,5394112.00,2061398034.00,2525823952.00,4834000000.00,1.10
1985.00,Europe,82115850.00,260592119.00,109218297.00,26909075.00,17622140.00,496457481.00,0.00,0.00,0.00,4364409.00,4364409.00,0.00,0.00,0.00,0.00,0.00,0.00,42150125.00,42150125.00,0.00,0.00,1086688.00,1086688.00,523.00,474973.00,217500.00,0.00,72559.00,0.00,9648.00,6251.00,89957.00,713756.00,210577941.00,13254594.00,558898464.00,769476405.00,4834000000.00,1.10
1985.00,Mideast,205699.00,2614480.00,4772352.00,214410.00,3380557.00,11187498.00,3165480.00,211032.00,140688.00,113374.00,3630574.00,200174588.00,60295362.00,899500.00,0.00,1202490.00,0.00,258440.00,262830380.00,0.00,0.00,35000.00,35000.00,0.00,82000.00,15000.00,0.00,7950.00,0.00,0.00,0.00,9000.00,4265733.00,22000.00,3443865.00,285507000.00,285529000.00,4834000000.00,1.10
1985.00,West. Hem,131529564.00,449070083.00,5733362.00,6779340.00,2478330.00,595590679.00,1414994.00,2255910.00,3179436.00,1672354.00,8522694.00,2378204.00,319464.00,0.00,0.00,0.00,0.00,284400.00,2982068.00,0.00,0.00,2013925.00,2013925.00,0.00,1592400.00,0.00,0.00,46920.00,1950.00,0.00,0.00,10002600.00,453731.00,33185698.00,11139356.00,632346323.00,655792000.00,4834000000.00,1.10
1990.00,Africa,64190743.00,86230560.00,21345712.00,24530704.00,69195730.00,265493449.00,0.00,0.00,0.00,142152.00,142152.00,19006292.00,55294.00,0.00,0.00,0.00,0.00,116352402.00,135413988.00,0.00,0.00,100263.00,100263.00,720.00,1762136.00,44358.00,0.00,1150689.00,0.00,57010.00,11306.00,57936.00,73843670.00,2896489.00,2848834.00,480926511.00,483823000.00,5313000000.00,1.10
1990.00,Asia,57440648.00,97213932.00,3244879.00,4869140.00,59802501.00,222571100.00,0.00,0.00,0.00,104493.00,104493.00,270317060.00,4264900.00,0.00,0.00,0.00,0.00,234213938.00,508795898.00,0.00,39303150.00,332095860.00,371399010.00,314540.00,656018252.00,18621706.00,94546096.00,2301416.00,5460945.00,3809813.00,1279073.00,459167251.00,103439157.00,561364124.00,8298871.00,2456127621.00,2937844992.00,5313000000.00,1.10
1990.00,Europe,104482885.00,288130151.00,108099811.00,26146960.00,20767737.00,547627544.00,0.00,0.00,0.00,4094416.00,4094416.00,0.00,0.00,0.00,0.00,0.00,0.00,43630843.00,43630843.00,0.00,0.00,1260132.00,1260132.00,610.00,545390.00,228000.00,0.00,100313.00,0.00,11531.00,9900.00,243791.00,970327.00,236076477.00,11143445.00,609866242.00,845942719.00,5313000000.00,1.10
1990.00,Mideast,818833.00,4910719.00,7744332.00,325884.00,2272383.00,16072151.00,3350310.00,184083.00,147266.00,64729.00,3746388.00,224829822.00,73787108.00,1095087.00,0.00,9123315.00,0.00,120000.00,308955332.00,0.00,0.00,114686.00,114686.00,500030.00,318199.00,48899.00,0.00,224304.00,0.00,0.00,0.00,28966.00,3276509.00,1641499.00,3027037.00,336312501.00,337954000.00,5313000000.00,1.10
1990.00,West. Hem,164839479.00,452042394.00,7536184.00,8081365.00,10817553.00,643316975.00,1045005.00,1742000.00,2310987.00,1684106.00,6782098.00,2244386.00,300371.00,0.00,0.00,0.00,0.00,339500.00,2884257.00,0.00,0.00,2373664.00,2373664.00,62501.00,1205851.00,258517.00,61724.00,1288261.00,423888.00,6410.00,0.00,9701954.00,652668.00,36292691.00,10963922.00,679982690.00,707106969.00,5313000000.00,1.10
1995.00,Africa,79905787.00,105118187.00,24093088.00,29167586.00,76505476.00,314790124.00,0.00,0.00,0.00,121360.00,121360.00,20999665.00,100790.00,0.00,0.00,0.00,0.00,142495298.00,163595753.00,0.00,0.00,66300.00,66300.00,782.00,1317227.00,40993.00,0.00,1246159.00,0.00,61627.00,0.00,48635.00,74918182.00,5092209.00,4358649.00,560565791.00,565658000.00,5670000000.00,1.10
1995.00,Asia,66184385.00,109255711.00,11265805.00,5317003.00,67756209.00,259779112.00,0.00,0.00,0.00,195111.00,195111.00,445529796.00,25290656.00,0.00,0.00,0.00,200000.00,135147937.00,606168389.00,0.00,41223800.00,366985753.00,408209553.00,247242.00,717365785.00,18492938.00,96076062.00,2435313.00,6283673.00,4014448.00,1223947.00,492135244.00,112240465.00,574222830.00,11549727.00,2736417009.00,3228425512.00,5670000000.00,1.10
1995.00,Europe,70685728.00,258950188.00,131764854.00,26230600.00,24375882.00,512007252.00,0.00,0.00,0.00,2565349.00,2565349.00,3784461.00,4747438.00,0.00,0.00,0.00,0.00,33010394.00,41542293.00,0.00,0.00,1497063.00,1497063.00,731.00,699215.00,294718.00,0.00,129783.00,0.00,13413.00,9562.00,302461.00,1232015.00,176181859.00,9476286.00,569770141.00,745952000.00,5670000000.00,1.10
1995.00,Mideast,1011208.00,5202572.00,8372389.00,417230.00,2020163.00,17023562.00,4140045.00,227475.00,181980.00,88874.00,4638374.00,241259390.00,86131745.00,1229556.00,0.00,11824580.00,0.00,250400.00,340695671.00,0.00,0.00,0.00,0.00,472500.00,4791.00,1166.00,0.00,278675.00,0.00,0.00,0.00,0.00,3534249.00,323129.00,7143883.00,373792871.00,374116000.00,5670000000.00,1.10
1995.00,West. Hem,167722189.00,484088201.00,7364578.00,7948471.00,14691480.00,681814919.00,1003301.00,1672940.00,2210662.00,1665209.00,6552112.00,2246832.00,303545.00,0.00,0.00,0.00,0.00,438123.00,2988500.00,0.00,0.00,2182414.00,2182414.00,765727.00,1481887.00,245269.00,60945.00,757649.00,237633.00,6684.00,40478.00,10533280.00,981414.00,46460699.00,9375141.00,718024052.00,754990021.00,5670000000.00,1.10
2000.00,Africa,93403462.00,119734890.00,28207100.00,32521170.00,62890027.00,336756649.00,0.00,0.00,0.00,104482.00,104482.00,178749834.00,9545726.00,0.00,0.00,0.00,0.00,207762.00,188503322.00,0.00,0.00,142869.00,142869.00,845.00,1902086.00,53080.00,0.00,1083236.00,0.00,69013.00,0.00,77232.00,78607573.00,5809663.00,5854951.00,613155338.00,618965000.00,6077000000.00,1.10
2000.00,Asia,99313991.00,111594438.00,10333466.00,5166213.00,30483936.00,256892044.00,0.00,0.00,0.00,148450.00,148450.00,622088650.00,51736919.00,0.00,0.00,0.00,500000.00,23364060.00,697689629.00,4130422.00,113240351.00,264339459.00,381710232.00,84816.00,870077984.00,19356059.00,97027500.00,2148598.00,9749928.00,4231099.00,3735637.00,549045116.00,77705808.00,584748329.00,5859144.00,2975462044.00,3488405040.00,6077000000.00,1.10
2000.00,Europe,69356298.00,252170341.00,209425163.00,22751244.00,17404399.00,571107445.00,0.00,0.00,0.00,2243767.00,2243767.00,36589221.00,5201755.00,0.00,0.00,0.00,0.00,5938865.00,47729841.00,0.00,0.00,3099355.00,3099355.00,4782.00,764336.00,396383.00,0.00,77628.00,36.00,15296.00,0.00,129943.00,78139.00,113729094.00,6220838.00,631867789.00,745596883.00,6077000000.00,1.10
2000.00,Mideast,1320096.00,5009970.00,9124040.00,9467.00,1215280.00,16678853.00,4471831.00,245705.00,196564.00,41977.00,4956077.00,275058426.00,87053540.00,1360367.00,0.00,12568650.00,36000.00,0.00,376076983.00,0.00,0.00,88823.00,88823.00,445000.00,1141268.00,15420.00,0.00,142471.00,0.00,0.00,0.00,0.00,5898000.00,1775785.00,2563620.00,408006515.00,409782300.00,6077000000.00,1.10
2000.00,West. Hem,180216747.00,490124294.00,7266522.00,7843167.00,24037463.00,709488193.00,961597.00,1603882.00,2110338.00,1317719.00,5993536.00,2501568.00,334752.00,0.00,0.00,0.00,0.00,1212145.00,4048465.00,808358.00,0.00,2406419.00,3214777.00,1468955.00,1720060.00,232021.00,161765.00,628141.00,50238.00,6959.00,81105.00,13592264.00,4457945.00,76349251.00,13043974.00,758188398.00,823033224.00,6077000000.00,1.10
2005.00,Africa,113662262.00,143240680.00,32751099.00,34399221.00,72948696.00,397001958.00,0.00,0.00,0.00,105776.00,105776.00,202118074.00,10758965.00,0.00,0.00,0.00,0.00,248681.00,213125720.00,0.00,0.00,182161.00,182161.00,838.00,2118924.00,61177.00,0.00,1082939.00,31.00,73053.00,10004.00,84834.00,79035014.00,7178005.00,3562566.00,696444995.00,703623000.00,6436000000.00,1.10
2005.00,Asia,102910261.00,121326959.00,9704939.00,5492661.00,35840274.00,275275093.00,0.00,0.00,0.00,127286.00,127286.00,659270884.00,53399804.00,0.00,0.00,0.00,543367.00,36207787.00,749421842.00,13240607.00,156829163.00,296031348.00,466101118.00,91049.00,940599251.00,20940691.00,107029655.00,2306979.00,12228350.00,4574392.00,3751375.00,555845044.00,79217233.00,524304023.00,11552004.00,3229061362.00,3666155352.00,6436000000.00,1.10
2005.00,Europe,68977106.00,249539088.00,195164244.00,21378217.00,24278988.00,559337643.00,0.00,0.00,0.00,2123463.00,2123463.00,39933303.00,6691863.00,0.00,0.00,410000.00,0.00,4195351.00,51230517.00,0.00,0.00,3059535.00,3059535.00,5105.00,996551.00,412726.00,0.00,61087.00,2178.00,17648.00,0.00,426992.00,186360.00,114977698.00,11924097.00,629783902.00,744761600.00,6436000000.00,1.10
2005.00,Mideast,1798732.00,4861634.00,9773642.00,10740.00,1792749.00,18237497.00,5222943.00,31654.00,21102.00,33726.00,5309425.00,297361142.00,93682310.00,1415383.00,0.00,15583460.00,0.00,112400.00,408154695.00,0.00,0.00,105908.00,105908.00,19500.00,1454979.00,17500.00,0.00,152950.00,0.00,0.00,0.00,0.00,7079400.00,2652435.00,2774564.00,443306418.00,445958853.00,6436000000.00,1.10
2005.00,West. Hem,203594477.00,494915555.00,7730972.00,7756664.00,26881608.00,740879276.00,1048228.00,1747197.00,2321199.00,1487754.00,6604378.00,2944529.00,386845.00,0.00,0.00,0.00,0.00,1190198.00,4521572.00,858297.00,0.00,3810102.00,4668399.00,1559581.00,2191657.00,437055.00,191600.00,705878.00,64811.00,79864.00,89362.00,12979998.00,5830711.00,94709150.00,9231306.00,790035448.00,875196370.00,6436000000.00,1.10
2010.00,Africa,143752568.00,165943467.00,38254839.00,38701490.00,73353476.00,460005841.00,0.00,0.00,0.00,106121.00,106121.00,234059830.00,12052097.00,0.00,0.00,0.00,0.00,292545.00,246404472.00,0.00,0.00,224181.00,224181.00,951.00,2347387.00,74969.00,0.00,1183246.00,62.00,91857.00,20009.00,97374.00,77615288.00,8889456.00,2431187.00,790602945.00,799492401.00,6839000000.00,1.10
2010.00,Asia,109770301.00,129766537.00,9690172.00,5059090.00,33635763.00,287921863.00,0.00,0.00,0.00,123356.00,123356.00,707062171.00,59850462.00,0.00,0.00,0.00,500000.00,37344203.00,804756836.00,14043532.00,165612816.00,299264578.00,478920926.00,94666.00,1008830303.00,22509620.00,108029951.00,2580737.00,9860014.00,4915980.00,3873075.00,578913544.00,81146609.00,541453380.00,7479196.00,3399956676.00,3857553138.00,6839000000.00,1.10
2010.00,Europe,65717165.00,244246870.00,201589183.00,19997856.00,26126910.00,557677984.00,0.00,0.00,0.00,1378063.00,1378063.00,36050392.00,8609112.00,0.00,0.00,500000.00,0.00,6063207.00,51222711.00,0.00,0.00,1556416.00,1556416.00,4404.00,1125071.00,490470.00,0.00,48120.00,4320.00,20000.00,0.00,548795.00,232716.00,130820732.00,8937855.00,623246925.00,754067657.00,6839000000.00,1.10
2010.00,Mideast,2115645.00,5126980.00,10901720.00,16767.00,1652685.00,19813797.00,5517567.00,33439.00,22293.00,31200.00,5604499.00,340953009.00,102299489.00,1606195.00,0.00,3608974.00,0.00,152400.00,448620067.00,0.00,0.00,142503.00,142503.00,0.00,2284384.00,19000.00,0.00,362367.00,0.00,0.00,0.00,0.00,8025046.00,3612800.00,2808574.00,487680237.00,491293037.00,6839000000.00,1.10
2010.00,West. Hem,236474406.00,504625969.00,8347937.00,7995216.00,29049940.00,786493468.00,1119839.00,1866128.00,2487367.00,1337936.00,6811270.00,3079377.00,407770.00,0.00,0.00,0.00,0.00,991533.00,4478680.00,908236.00,0.00,3494675.00,4402911.00,1651017.00,2755503.00,682441.00,313241.00,665592.00,15481.00,87304.00,94453.00,10970832.00,7244680.00,103547575.00,4916120.00,831582993.00,928209348.00,6839000000.00,1.10
